AddressOfEntryPoint,MajorLinkerVersion,MajorImageVersion,MajorOperatingSystemVersion,DllCharacteristics,SizeOfStackReserve,NumberOfSections,ResourceSize,IfMalware
47184,5,0,4,0,1048576,3,0,1
257184,6,0,4,0,1048576,4,1720,1
443086,11,0,4,34112,1048576,3,24192,1
29959,6,0,4,0,1048576,5,7816,1
636583,9,0,5,32768,1048576,3,0,1
11344,14,0,6,33088,1048576,5,0,1
33303,11,0,5,33088,1048576,5,2204424,1
114288,6,0,4,0,1048576,3,928,1
15803,2,1,4,0,1048576,8,76424,1
662982,48,0,4,34144,1048576,3,1452,1
265614,8,0,4,34112,1048576,3,2560,1
261598,8,0,4,34112,1048576,3,2560,1
41910,10,0,5,33792,1048576,6,22770,1
7168,6,1,4,0,1048576,3,1432,1
226176,6,0,4,0,1048576,6,12928,1
32057,10,0,5,320,1048576,5,247608,1
176272,9,0,5,33024,1048576,3,4156,1
660302,48,0,4,34112,1048576,3,21188,1
14124,6,0,4,0,1048576,3,0,1
21982,6,0,4,0,1048576,4,17744,1
14764,2,6,4,32768,2097152,7,17800,1
609738,8,0,4,34112,1048576,3,118113,1
5936,10,0,5,34112,1048576,5,1628,1
9072,10,0,5,34112,1048576,4,265392,1
100370,7,5,5,32768,262144,2,0,1
5269,8,6,4,34112,1048576,7,8288,1
6264,14,6,6,33120,1048576,6,209496,1
924368,10,0,5,33088,1048576,3,1324,1
30650,6,0,4,0,1048576,4,3448736,1
324832,9,0,5,32768,1048576,4,50088,1
19001,14,0,6,320,1048576,6,856,1
664,6,0,4,0,1048576,4,26536,1
2564766,8,0,4,34112,1048576,3,371870,1
16896,5,0,4,0,1048576,4,2400,1
13199,6,6,4,34112,1048576,5,131952,0
27506,8,6,6,33088,262144,4,25695624,0
301411,14,0,6,33088,1048576,5,29024,0
30100,6,0,4,256,1048576,4,4072,0
40594,14,0,6,33088,1048576,5,25257092,0
15920,2,6,4,34144,2097152,9,38168,0
13784,6,6,4,34112,1048576,5,295776,0
4096,0,0,4,0,1048576,5,15104,0
13238,6,6,4,34112,1048576,5,75880,0
745196,2,6,6,33088,1048576,10,51196,0
43787,14,0,6,33088,1048576,5,135743656,0
261455,14,0,6,33024,1048576,4,52160,0
745196,2,6,6,33088,1048576,10,65828,0
4768,2,1,4,1344,2097152,11,174736,0
46622,14,0,6,33088,1048576,7,82774692,0
108448,14,0,6,49472,1048576,5,37936,0
